Mont-Saint-Jean,21110
Bussy-le-Grand,21110
Thoires,21110
Brazey-en-Plaine,21110
Bligny-le-Sec,21110
La Bussière-sur-Ouche,21110
Rochefort-sur-Brévon,21110
Flavignerot,21110
Viévy,21110
Santenay,21110
Santosse,21110
Fontaine-lès-Dijon,21110
Benoisey,21110
Rouvres-en-Plaine,21110
Bligny-lès-Beaune,21110
Le Fête,21110
Bierre-lès-Semur,21110
Sincey-lès-Rouvray,21110
Ladoix-Serrigny,21110
La Chaume,21110
Meulson,21110
Belleneuve,21110
Saint-Aubin,21110
Marcilly-sur-Tille,21110
Corrombles,21110
Gurgy-la-Ville,21110
Baigneux-les-Juifs,21110
Beaunotte,21110
Noidan,21120
Sacquenay,21120
Arc-sur-Tille,21120
Chaignay,21120
Brion-sur-Ource,21120
Grosbois-en-Montagne,21120
Moitron,21120
Fauverney,21120
Échevannes,21120
Labergement-lès-Seurre,21120
Diénay,21120
La Rochepot,21120
Busserotte-et-Montenaille,21120
Saint-Maurice-sur-Vingeanne,21120
Morey-Saint-Denis,21120
Braux,21120
Aiserey,21120
Nan-sous-Thil,21120
Aisy-sous-Thil,21120
Terrefondrée,21120
Éringes,21120
Chazeuil,21120
Fontenelle,21121
Prâlon,21121
Saint-Seine-en-Bâche,21121
Mussy-la-Fosse,21121
Athie,21121
Juilly,21121
Tarsul,21121
Courcelles-Frémoy,21130
Bure-les-Templiers,21130
Fénay,21130
Thury,21130
L'Étang-Vergy,21130
Semond,21130
Villers-la-Faye,21130
Saint-Martin-du-Mont,21130
Ternant,21130
Griselles,21130
Châteauneuf,21130
Aubigny-la-Ronce,21130
Messanges,21130
Pouillenay,21130
Veuvey-sur-Ouche,21130
Mirebeau-sur-Bèze,21130
Grancey-sur-Ource,21140
Arceau,21140
Prusly-sur-Ource,21140
Chassey,21140
Torcy-et-Pouligny,21140
Talant,21140
Magny-Saint-Médard,21140
Pasques,21140
Remilly-sur-Tille,21140
Saint-Rémy,21140
Daix,21140
Saint-Anthot,21140
Neuilly-lès-Dijon,21140
Villars-et-Villenotte,21140
Cessey-sur-Tille,21140
Champrenault,21140
Collonges-lès-Premières,21140
Asnières-lès-Dijon,21150
Villebichot,21150
Fain-lès-Montbard,21150
Boncourt-le-Bois,21150
Jeux-lès-Bard,21150
Poinçon-lès-Larrey,21150
Marsannay-le-Bois,21150
Chaumont-le-Bois,21150
Meilly-sur-Rouvres,21150
Sainte-Colombe-sur-Seine,21150
Frôlois,21150
Poiseul-lès-Saulx,21150
Cuiserey,21150
Épagny,21150
Nod-sur-Seine,21150
Chevannay,21150
Dompierre-en-Morvan,21150
Marsannay-la-Côte,21150
Saint-Pierre-en-Vaux,21150
Sussey,21150
Urcy,21150
Marey-lès-Fussey,21160
Larrey,21160
Saint-Victor-sur-Ouche,21160
Montberthault,21160
Quemigny-sur-Seine,21160
Flagey-Echézeaux,21170
Arnay-le-Duc,21170
Saint-Romain,21170
Orret,21170
Belan-sur-Ource,21170
Plombières-lès-Dijon,21170
Pouilly-en-Auxois,21170
Barbirey-sur-Ouche,21170
Ruffey-lès-Echirey,21170
Saulon-la-Rue,21170
Poiseul-la-Ville-et-Laperrière,21170
Curtil-Vergy,21170
Hauteroche,21170
Lacanche,21170
Chailly-sur-Armançon,21190
Vannaire,21190
Dampierre-et-Flée,21190
Marey-sur-Tille,21190
Molphey,21190
Touillon,21190
Ouges,21190
Licey-sur-Vingeanne,21190
Champagne-sur-Vingeanne,21190
Flavigny-sur-Ozerain,21190
Viévigne,21190
Massingy-lès-Semur,21190
Montigny-Mornay-Villeneuve-sur-Vingeanne,21190
Couternon,21190
Corpoyer-la-Chapelle,21190
Civry-en-Montagne,21190
Ampilly-les-Bordes,21200
Genlis,21200
Châtellenot,21200
Antheuil,21200
Soirans,21200
Cérilly,21200
Vandenesse-en-Auxois,21200
Broin,21200
Courban,21200
Thomirey,21200
La Roche-Vanneau,21200
Baubigny,21200
Lantilly,21200
Jallanges,21210
Labergement-lès-Auxonne,21210
Buxerolles,21210
Éguilly,21210
Lux,21210
Musigny,21210
Chanceaux,21210
Thoisy-la-Berchère,21210
Rouvray,21210
Saussey,21210
Vieux-Château,21210
Orville,21210
Prenois,21220
Frénois,21220
Auxonne,21220
Écutigny,21220
Diancey,21220
Aubigny-en-Plaine,21220
Savilly,21220
Saint-Jean-de-Losne,21220
Chorey-les-Beaune,21220
Cormot-le-Grand,21220
Monthelie,21220
Grosbois-lès-Tichey,21220
Beneuvre,21220
Créancey,21220
Minot,21220
Bévy,21220
Boudreville,21220
Semarey,21220
Laignes,21220
Barges,21220
Chambain,21220
Tart-l'Abbaye,21220
Courlon,21220
Gomméville,21220
Fraignot-et-Vesvrotte,21230
Premières,21230
Avelanges,21230
Thoisy-le-Désert,21230
Saint-Germain-lès-Senailly,21230
Vertault,21230
Blagny-sur-Vingeanne,21230
Villers-Patras,21230
Montigny-sur-Armançon,21230
Panges,21230
Courcelles-lès-Semur,21230
Montot,21230
Moutiers-Saint-Jean,21230
Nogent-lès-Montbard,21230
Talmay,21230
Corberon,21230
Posanges,21230
Cléry,21230
Pluvault,21230
Vernot,21230
Liernais,21240
Magnien,21250
Magny-lès-Villers,21250
Saint-Usage,21250
Veilly,21250
Villaines-en-Duesmois,21250
Fontaine-Française,21250
Velogny,21250
Saint-Seine-l'Abbaye,21250
Chamesson,21250
Clénay,21250
Is-sur-Tille,21250
Trouhaut,21250
Saint-Apollinaire,21250
Juillenay,21250
Recey-sur-Ource,21250
Montlay-en-Auxois,21250
Étalante,21250
Labergement-Foigney,21250
Bressey-sur-Tille,21250
Corcelles-les-Monts,21250
Seigny,21250
Blancey,21250
Arnay-sous-Vitteaux,21260
Échigey,21260
Essey,21260
Marcilly-Ogny,21260
Mavilly-Mandelot,21260
Saint-Symphorien-sur-Saône,21260
Noiron-sur-Seine,21260
Franxault,21260
Ahuy,21270
Lanthes,21270
Source-Seine,21270
Chaugey,21270
Marigny-lès-Reullée,21270
Chivres,21270
Chevannes,21270
Leuglay,21270
Saffres,21270
Messigny-et-Vantoux,21270
Pagny-la-Ville,21270
Charny,21270
Fontangy,21270
Magny-Lambert,21270
Vaux-Saules,21270
Auvillars-sur-Saône,21270
Saint-Didier,21270
Tanay,21270
Sombernon,21290
Gurgy-le-Château,21290
Vesvres,21290
Saint-Nicolas-lès-Cîteaux,21290
Savoisy,21290
Molinot,21290
Bagnot,21290
Dampierre-en-Montagne,21290
Bèze,21290
Vielverge,21290
Pouilly-sur-Saône,21290
Censerey,21290
La Villeneuve-les-Convers,21290
Montoillot,21290
Francheville,21290
Curley,21290
Alise-Sainte-Reine,21290
Champdôtre,21300
Toutry,21310
Argilly,21310
Arconcey,21310
Grancey-le-Château-Neuvelle,21310
Uncey-le-Franc,21310
Bonnencontre,21310
Buncey,21310
Bellenot-sous-Pouilly,21310
Chevigny-Saint-Sauveur,21310
Corcelles-les-Arts,21310
Étevaux,21310
Saint-Léger-Triey,21310
Pont-et-Massène,21310
Fresnes,21310
Villey-sur-Tille,21310
Beurizot,21310
Maillys,21310
Buffon,21310
Grésigny-Sainte-Reine,21310
Vignoles,21310
Billy-lès-Chanceaux,21310
Ménétreux-le-Pitois,21310
Gissey-sous-Flavigny,21320
Semur-en-Auxois,21320
Lamargelle,21320
Trochères,21320
Pont,21320
Bard-lès-Époisses,21320
Beurey-Bauguay,21320
Obtrée,21320
Charencey,21320
Marcenay,21320
Senailly,21320
Esbarres,21320
Gissey-sur-Ouche,21320
Turcey,21320
Arcey,21320
Aisey-sur-Seine,21320
Ruffey-lès-Beaune,21320
Saint-Sauveur,21320
Champeau-en-Morvan,21320
Marliens,21320
Vitteaux,21320
Bissey-la-Pierre,21320
Auxant,21320
Maxilly-sur-Saône,21320
Saulieu,21330
Arrans,21330
Bretigny,21330
Longvic,21330
Mosson,21330
Essarois,21330
Chamblanc,21330
Saint-Philibert,21330
Varois-et-Chaignot,21330
Bard-le-Régulier,21330
Rouvres-sous-Meilly,21330
Villeferry,21330
Longeault,21330
Montmain,21330
Selongey,21330
Champ-d'Oiseau,21330
Asnières-en-Montagne,21330
Pommard,21340
Collonges-lès-Bévy,21340
Saint-Germain-le-Rocheux,21340
Châtelet,21340
Goulles,21340
Bligny-sur-Ouche,21340
Étormay,21340
Mauvilly,21340
Poiseul-la-Grange,21340
Bussières,21340
Ampilly-le-Sec,21340
Gemeaux,21340
Pellerey,21350
Champignolles,21350
Hengoat,21350
Saint-Fiacre,21350
Gouarec,21350
Plouëc-du-Trieux,21350
Kermaria-Sulard,21350
Caulnes,21350
Trébédan,21350
Gommenec'h,21350
Ploufragan,21350
Laniscat,21350
Trézény,21350
Lanloup,21350
Trédarzec,21350
Perret,21350
Quemperven,21350
Fréhel,21350
Quévert,21350
Noyal,21350
Plouguiel,21350
Merdrignac,21350
Quemper-Guézennec,21350
Mégrit,21350
Pléboulle,21360
Perros-Guirec,21360
Langrolay-sur-Rance,21360
Le Moustoir,21360
Loc-Envel,21360
Mellionnec,21360
Plorec-sur-Arguenon,21360
Belle-Isle-en-Terre,21360
La Méaugon,21360
Lanrodec,21360
Callac,21360
Coëtlogon,21360
Glomel,21360
Plerneuf,21360
Plémet,21360
Plougras,21360
Kermoroc'h,21360
Pléven,21360
Saint-Michel-en-Grève,21360
La Roche-Derrien,21360
Trégastel,21360
Lanvollon,21360
Étables-sur-Mer,21360
Languenan,21370
Saint-Alban,21370
Moustéru,21370
Landéhen,21370
Landébia,21370
Binic,21380
Bringolo,21380
Bourseul,21380
Quintenic,21380
Saint-Gildas,21380
Ruca,21380
Le Hinglé,21380
Pleudihen-sur-Rance,21390
Plounévez-Quintin,21390
Paimpol,21390
Pluduno,21390
Lantic,21390
Runan,21390
Le Cambout,21390
Meslin,21390
Andel,21390
Kerien,21390
Saint-Connan,21390
Maël-Carhaix,21390
Saint-Jouan-de-l'Isle,21390
Loudéac,21390
Carnoët,21390
Lanleff,21400
Saint-Brieuc,21400
Plouzélambre,21400
Yvignac-la-Tour,21400
Ploumagoar,21400
Gomené,21400
Pleslin-Trigavou,21400
Saint-Étienne-du-Gué-de-l'Isle,21400
Plessala,21400
Guingamp,21400
Trémorel,21400
Lancieux,21400
Plurien,21400
Pordic,21400
Plouagat,21400
Goudelin,21400
Saint-Rieul,21400
Tréguidel,21400
Trédias,21400
Pleumeur-Gautier,21400
Laurenan,21400
Trégon,21400
Coadout,21400
Plussulien,21400
Plœuc-sur-Lié,21400
Plouasne,21400
Plévin,21400
Saint-Carné,21400
Erquy,21400
Saint-Gilles-Pligeaux,21410
Saint-Julien,21410
Ploëzal,21410
Saint-Maudez,21410
Camlez,21410
Pleudaniel,21410
Saint-Quay-Portrieux,21410
Plouaret,21410
Saint-Barnabé,21410
Illifaut,21410
Bréhand,21410
Lanrivain,21410
Quintin,21410
Lannion,21420
Plusquellec,21420
Pluzunet,21420
Vildé-Guingalan,21420
Lanmérin,21420
Le Quillio,21430
Peumerit-Quintin,21430
Plouisy,21430
Bourbriac,21430
Brélidy,21430
Trévérec,21430
Saint-Connec,21430
Tréduder,21430
Magoar,21430
Pontrieux,21430
Pléguien,21430
Yffiniac,21430
Moncontour,21430
Mûr-de-Bretagne,21440
Trébeurden,21440
Prat,21440
Gurunhuel,21440
Île-de-Bréhat,21440
Saint-Brandan,21440
Calorguen,21440
La Bouillie,21440
Trévron,21440
Trégrom,21440
Trélivan,21440
Tréveneuc,21440
Corlay,21440
Pédernec,21450
Saint-Hervé,21450
Trégonneau,21450
Tramain,21450
Plancoët,21450
Saint-Jacut-de-la-Mer,21450
Plésidy,21450
Duault,21450
Allineuc,21450
Sévignac,21450
Pleumeur-Bodou,21450
Tréogan,21450
Hénansal,21450
Plélan-le-Petit,21450
Tréfumel,21450
Plélauff,21460
Brusvily,21460
Lescouët-Gouarec,21460
Bobital,21460
Pludual,21460
Maël-Pestivien,21460
Lanvellec,21460
Le Merzer,21460
Kerpert,21460
Merléac,21460
Plénée-Jugon,21460
Saint-Judoce,21460
Lanfains,21470
Kerbors,21490
Châtelaudren,21490
Saint-Gilles-Vieux-Marché,21490
Saint-Martin-des-Prés,21490
Collinée,21490
Lanvallay,21490
Matignon,21490
Plumaudan,21490
Trévé,21490
Saint-Vran,21490
Jugon-les-Lacs,21500
Saint-Lormel,21500
Saint-Guen,21500
Gausson,21500
La Landec,21500
Planguenoual,21500
Canihuel,21500
Plestin-les-Grèves,21500
Saint-Jean-Kerdaniel,21500
Saint-Nicolas-du-Pélem,21500
Plouguernével,21500
Éréac,21500
Plumaugat,21500
Trémel,21500
Caouënnec-Lanvézéac,21500
Dolo,21500
Plouër-sur-Rance,21500
Trédrez-Locquémeau,21500
La Ferrière,21500
La Prénessaye,21500
Plestan,21500
Broons,21500
Langast,21500
Saint-Quay-Perros,21500
La Malhoure,21500
Langueux,21500
Plévenon,21500
Landebaëron,21500
Le Quiou,21500
Rospez,21510
Treffrin,21510
Saint-Donan,21510
Le Gouray,21510
Trélévern,21510
Pleubian,21510
Minihy-Tréguier,21510
Squiffiec,21510
Languédias,21510
Langoat,21510
Loscouët-sur-Meu,21510
Hénon,21510
Saint-Clet,21510
Plourivo,21510
Saint-Cast-le-Guildo,21510
Saint-Jacut-du-Mené,21510
Trémeur,21520
Le Haut-Corlay,21520
Hémonstoir,21520
La Chèze,21520
Trédaniel,21520
Morieux,21520
Trébrivan,21520
Kerfot,21520
Locarn,21520
Berhet,21520
Plouvara,21530
Plounérin,21530
Saint-Gelven,21530
Pouldouran,21530
Lézardrieux,21530
Caurel,21540
Saint-Juvat,21540
La Chapelle-Blanche,21540
Quessoy,21540
Plaine-Haute,21540
Plouézec,21540
Plouguenast,21540
Pommerit-Jaudy,21540
Tressignaux,21540
Coatascorn,21540
Louannec,21540
Le Fœil,21540
Plouha,21540
Trégueux,21540
Sainte-Tréphine,21540
Grâces,21540
Dinan,21540
La Harmoye,21540
Saint-André-des-Eaux,21540
Troguéry,21540
Plourac'h,21550
Plourhan,21560
Ploubalay,21560
Boqueho,21560
Coatréven,21560
Cavan,21570
Langourla,21570
Saint-Samson-sur-Rance,21570
Bulat-Pestivien,21570
Rostrenen,21570
Le Vieux-Bourg,21570
Ploubezre,21580
Taden,21580
Rouillac,21580
Aucaleuc,21580
Tréméloir,21580
Saint-Péver,21580
Saint-Mayeux,21580
Saint-Gouéno,21580
L'Hermitage-Lorge,21580
Saint-Maden,21580
La Vicomté-sur-Rance,21590
Paule,21600
Hénanbihen,21600
Guitté,21600
Pléhédel,21610
Saint-Caradec,21610
Saint-Glen,21610
Créhen,21610
Trémuson,21610
Trégomeur,21610
Saint-Denoual,21610
Saint-Nicodème,21610
Tréglamus,21610
Calanhel,21610
Penvénan,21630
Trévou-Tréguignec,21640
Pommerit-le-Vicomte,21640
Saint-Bihy,21640
Lamballe,21690
Plougrescant,21690
Saint-Thélo,21690
Mérillac,21690
Plédéliac,21690
Évran,21690
Tonquédec,21690
Tréguier,21690
Grâce-Uzel,21700
Plougonver,21700
Ploulec'h,21700
Plaintel,21700
Saint-Méloir-des-Bois,21700
Uzel,21700
Saint-Igeaux,21700
Plédran,21700
Saint-Michel-de-Plélan,21700
Le Faouët,21700
Le Leslay,21700
Saint-Gilles-les-Bois,21700
Saint-Agathon,21700
La Motte,21700
Penguily,21700
Saint-Carreuc,21700
Hillion,21700
Lanmodez,21700
Guenroc,21700
Lanrelas,21700
Le Bodéo,21700
Pommeret,21700
Cohiniac,21760
Plessix-Balisson,21800
Tréméreuc,21800
Ploumilliau,21800
Plérin,21800
Saint-Gilles-du-Mené,21800
Pléneuf-Val-André,21820
Saint-Trimoël,21820
Saint-Servais,21850
Saint-Launeuc,21910
Trébry,21910
Léhon,21910
Plélo,21910
Saint-Pôtan,21910
Saint-Laurent,21910
